Domain,Frequency
aol.com,1639
hotmail.com,515
kslaw.com,398
erac.com,289
yahoo.com,207
bigplanet.com,203
akllp.com,202
compaq.com,197
columbiaenergygroup.com,168
bracepatt.com,167
mindspring.com,129
wfsg.com,116
pdq.net,110
llgm.com,96
cfisd.net,94
earthlink.net,88
csfb.com,88
cs.com,85
rice.edu,84
mail.utexas.edu,68
uniteddc.com,67
houston.rr.com,66
dynegy.com,64
email.msn.com,64
ae.ge.com,62
globalp.com,58
juno.com,56
velaw.com,56
beaconelectric.com,55
flash.net,54
eott.com,52
tupac.com,52
cinergy.com,52
worldnet.att.net,51
ss.ps.ge.com,51
fctg.com,49
williams.com,47
netzero.net,47
ch2m.com,45
ghg.net,45
msl.redstone.army.mil,44
neg.pge.com,43
columbiaenergy.com,43
dow.com,43
basf-corp.com,43
austin.rr.com,41
jonesgranger.com,41
viviance.com,41
duke-energy.com,39
utilicorp.com,39
swbell.net,39
pirnie.com,39
austintx.com,38
qualcomm.com,37
zdnetonebox.com,35
reliantenergy.com,35
ac.com,34
eds.com,34
trinity.edu,33
us.ibm.com,32
accenture.com,32
ps.ge.com,32
kilstock.com,32
home.com,31
amerexenergy.com,31
broadwing.com,30
epenergy.com,29
texas.usta.com,29
azurix.com,29
pgn.com,28
msn.com,27
gbmdc.com,27
us.cgeyc.com,27
bpa.gov,27
chase.com,25
nbsrealtors.com,25
milliman.com,25
natsource.com,24
utmb.edu,24
casa-de-clarke.com,24
mba2002.hbs.edu,23
texas.net,23
kindermorgan.com,23
stanford.edu,22
baylor.edu,22
calpine.com,21
kochind.com,21
sswpc.com,21
jonesday.com,21
fpl.com,20
ml.com,20
andrews-kurth.com,20
att.net,20
piperrudnick.com,20
wcnet.net,20
nicor.com,20
intelligencepress.com,19
satake-usa.com,19
gibbs-bruns.com,19
valic.com,19
bigfoot.com,19
leland.stanford.edu,19
ops.org,19
ev1.net,18
pagenetmessage.net,18
ferc.fed.us,18
wharton.upenn.edu,18
mieco.com,18
brunini.com,18
cobs.edu,18
uschamber.com,17
paulhastings.com,17
pge.com,17
ftenergy.com,16
skytel.com,16
zahrsecurities.com,16
apbenergy.com,16
lacima.co.uk,16
enron.net,16
freshfields.com,16
t-online.de,15
lacimagroup.com,15
jonesenergy.com,15
vision1mm.com,15
mediaone.net,14
ect.enron.com,14
bus.utexas.edu,14
csc.com,14
compuserve.com,14
gmssr.com,14
ieor.berkeley.edu,14
stdauto.com,13
ou.edu,13
us.pwcglobal.com,13
btubrokers.com,13
us.abb.com,13
clarkfineart.com,13
archwireless.net,13
sdge.com,13
elpaso.com,12
infocus.com,12
brobeck.com,12
sempra.com,12
risk.co.uk,12
trin.net,12
aep.com,11
msdw.com,11
coral-energy.com,11
bakerbotts.com,11
pipeline.com,11
halliburton.com,11
us.oracle.com,11
andrew.cmu.edu,11
pecorp.com,11
dialdata.com.br,11
dplinc.com,11
dowjones.com,11
americas.bnpparibas.com,10
aspentech.com,10
tca-us.com,10
hormel.com,10
gtemail.net,10
kmg.com,10
akingump.com,10
us.arthurandersen.com,10
travelpark.com,10
pclient.ml.com,10
stoel.com,10
rpmtec.com,10
kanekatexas.com,10
stennis.navy.mil,10
socalgas.com,10
ehshouston.org,10
tconl.com,10
carrfut.com,9
cmsenergy.com,9
hanovermeasurement.com,9
teamlead.com,9
txuenergy.com,9
metronet.com,9
texaco.com,9
mail.sprint.com,9
dwt.com,9
darbylaw.com,9
zeusdevelopment.com,9
keyad.com,8
painewebber.com,8
usa.conoco.com,8
caiso.com,8
prebon.com,8
njng.com,8
vailresorts.com,8
sprintmail.com,8
dhs.state.tx.us,8
wt.net,8
emc.com,8
dom.com,8
us.ca-indosuez.com,8
fluor.com,8
lmco.com,8
iservco.com,8
dlj.com,8
stewart.com,8
ziplip.com,8
lsu.edu,8
foleys.com,8
czn.com,8
ca.pwcglobal.com,8
watervalley.net,8
southwestern.edu,8
fce.com,8
computerworld.com,8
bayer.com,8
overlandpartners.com,8
igservice.com,8
kpcb.com,8
tvapdx.com,8
rssmb.com,7
ssmb.com,7
oxy.com,7
entergy.com,7
njresources.com,7
poha.com,7
coair.com,7
deloitte.ca,7
txu.com,7
digitrain.com,7
mato.com,7
wgp.twc.com,7
mca-architects.com,7
epelectric.com,7
jaecklewholesale.com,7
sppc.com,7
pacifier.com,7
icubed.com,7
lakeaustin.com,7
vapower.com,7
southside-place.org,7
carolina.rr.com,7
sce.com,7
sci-us.com,7
sjbc.com,7
cmshq.com,7
webtv.net,6
mailman.enron.com,6
palm.net,6
dellnet.com,6
bankofamerica.com,6
ubspainewebber.com,6
conectiv.com,6
dttus.com,6
ensr.com,6
nge.com,6
statoilenergy.com,6
tva.gov,6
wrf.com,6
caes.net,6
aeglobalmarkets.com,6
colcnr.com,6
osubeavers.com,6
epsa.org,6
avistacorp.com,6
jsc.nasa.gov,6
airliquide.com,6
sas.upenn.edu,6
riskwaters.com,6
isye.gatech.edu,6
bflassociates.com,6
ci.pasadena.ca.us,6
kvaerner.com,6
capstoneenergy.com,6
swgas.com,6
marekbros.com,6
idrc.org,5
prodigy.net,5
hp.com,5
hines.com,5
flex.net,5
perrygas.com,5
scana.com,5
metromediaenergy.com,5
kwikset.com,5
mail.law.utexas.edu,5
intur.net,5
paincarecenter.com,5
arthuranderson.com,5
tcast.com,5
vnf.com,5
mail.house.gov,5
crescentcom.com,5
uh.edu,5
cera.com,5
petronas.com.my,5
uk.arthurandersen.com,5
caminus.com,5
esaibos.com,5
ecoutlook.com,5
ppco.com,5
bek.com,5
ssfrancis.org,5
samsung.co.kr,5
swcbc.net,5
unocal.com,5
lgeenergy.com,5
hearme.com,5
insightpartners.com,5
advent.com,5
gladstone.uoregon.edu,5
ap.org,5
rcnchicago.com,5
tucsonelectric.com,5
city.palo-alto.ca.us,5
gc.edu,5
tavaero.com,5
creativepanel.com,4
caprock.net,4
hbk.com,4
moneynet.com,4
gte.net,4
totalsafetyinc.com,4
nui.com,4
hesco.org,4
sithe.com,4
eprime.com,4
gasmark.com,4
spragueenergy.com,4
chbrokers.com,4
mail.manderson.org,4
mcgraw-hill.com,4
dell.com,4
usa.net,4
enron.co.uk,4
markethubs.com,4
randolph.af.mil,4
lyondell.com,4
adidasus.com,4
aelaw.com,4
hewm.com,4
schwabe.com,4
pnucc.org,4
pacificorp.com,4
nwppc.org,4
idahopower.com,4
morganstanley.com,4
kwi.com,4
informationforecast.com,4
marketpointinc.com,4
fmginy.com,4
uwaterloo.ca,4
internationalsos.com,4
truequote.com,4
astraoil.com,4
cl.uh.edu,4
lcra.org,4
melangeevents.com,4
technip.com,4
ss.ps.ge,4
rc.com,4
poynerspruill.com,4
haysmcconn.com,4
houstontech.org,4
emirates.net.ae,4
arn.net,4
ix.netcom.com,4
mudnebr.com,4
barbnet.com,4
prc.com,4
alleghenyenergy.com,4
review.com,4
gs.com,4
hewitt.com,4
pnm.com,4
energy.state.ca.us,4
ci.glendale.ca.us,4
southernenergy.com,4
ci.long-beach.ca.us,4
mhbt.com,4
greylock.com,4
austinventures.com,4
compubank.com,4
summitenergy.com,4
mh.com,3
thedoghousemail.com,3
sempratrading.com,3
vanderbilt.edu,3
anderson.ucla.edu,3
em.fcnbd.com,3
newmn-r1.blue.aol.com,3
calpx.com,3
vivance.com,3
owen2002.vanderbilt.edu,3
allenergy.com,3
epamail.epa.gov,3
mailandnews.com,3
hess.com,3
pcenergy.com,3
engageenergy.com,3
ees.enron.com,3
uswest.net,3
ev.state.az.us,3
localok.com,3
us.coopers.com,3
weatherford.com,3
milbank.com,3
titanelectric.com,3
cadvision.com,3
lanlaw.com,3
infohwy.com,3
firstrate.com,3
stpaul.lib.mn.us,3
hvllc.com,3
jpmorgan.com,3
car-audio-discount.com,3
amgen.com,3
n2h2.com,3
teleport.com,3
gmsnr.com,3
mbllp.com,3
millcreeklaw.com,3
perkinscoie.com,3
ci.seattle.wa.us,3
paine-hamblen.com,3
puget.com,3
mtpower.com,3
wrightlaw.com,3
westmorelandhall.com,3
eei.org,3
management.wharton.upenn.edu,3
iastate.edu,3
cyrus.andrew.cmu.edu,3
mathworks.com,3
maths.uq.edu.au,3
snowyhydro.com.au,3
finance.lsu.edu,3
robertwalters.com,3
mazur.im.pwr.wroc.pl,3
kinkaid.org,3
bmc.com,3
royallepage2.com,3
tecoenergy.com,3
oracle.com,3
deltapower.com,3
pbworld.com,3
nepco.com,3
fulbright.com,3
camerondiv.com,3
graceschool.org,3
economist.com,3
mbusa.com,3
cadencemcshane.com,3
mmcable.com,3
bluegate.com,3
br-inc.com,3
mail.earthlink.net,3
piedmontyoga.com,3
hitt-gc.com,3
hollandlessard.com,3
marshmc.com,3
austin.apc.slb.com,3
uthscsa.edu,3
reedsmith.com,3
aec.ca,3
spurr.org,3
tqcap.com,3
morgangroup.com,3
kerr-solutions.com,3
attglobal.net,3
a-closer-look.com,3
redstonegrp.com,3
nike.com,3
uswest.com,3
apsc.com,3
atoga.com,3
knauffiberglass.com,3
prmllp.com,3
pira.com,2
fsddatasvc.com,2
spbank.com,2
thermon.com,2
ems.jsc.nasa.gov,2
houstonballet.org,2
aedc.org,2
powermerchants.com,2
microsoft.com,2
hpftd1.ftdi.com,2
hdinc.com,2
midf.com,2
cargill.com,2
aurora-gas.com,2
xenergy.com,2
conedsolutions.com,2
nmenergy.com,2
cwix.com,2
noram.com,2
pseg.com,2
pepcoenergy.com,2
nfrinc.com,2
infiniteenergy.com,2
pgees.com,2
totalnrg.com,2
sprague.com,2
tmplaw.com,2
paiplaw.com,2
ucarb.com,2
swlaw.com,2
provalue.net,2
kansascity.com,2
gateway.net,2
mail.mdanderson.org,2
shearman.com,2
rbcds.com,2
rbcinvestments.com,2
flint-energy.com,2
oebi.com,2
tsteel.com,2
sunsail.com,2
swcp.com,2
mrg-11c.com,2
ei.enron.com,2
aoshouston.org,2
bellsouth.net,2
natfuel.com,2
canfibreny.com,2
notes.basf-corp.com,2
gen.pge.com,2
us.andersen.com,2
vertical.net,2
urscorp.com,2
audionmore.com,2
us.arthuranderson.com,2
mail.ev1.net,2
e-steel.com,2
timberline.com,2
interwoven.com,2
gt.com,2
lycos.com,2
painehamblen.com,2
wiz.ixgate,2
mwe.com,2
pace.net,2
qwest.net,2
frontier-economics.com,2
snopud.com,2
skadden.com,2
state.or.us,2
bchydro.bc.ca,2
howrey.com,2
ci.tacoma.wa.us,2
jmbm.com,2
erols.com,2
tonkon.com,2
elektro.com.br,2
empirenatgas.com,2
hwallp.com,2
netzero.com,2
priorityit.com,2
spectrum-tele.com,2
gmacrfc.com,2
zia.stanford.edu,2
shasta.phys.uh.edu,2
pgsenergy.com,2
infocastinc.com,2
visa.com,2
localbloke.freeserve.co.uk,2
garpmail.com,2
tamug.tamu.edu,2
uts.cc.utexas.edu,2
bankunited.com,2
panalytix.com,2
iirltd.co.uk,2
watersinfo.com,2
scudderpublishing.com,2
mirant.com,2
mri.co.jp,2
rochpar.com,2
stat.rice.edu,2
risklimited.com,2
stern.nyu.edu,2
sgh.waw.pl,2
insync.net,2
meridien-research.com,2
riskmetrics.com,2
iimb.ernet.in,2
wnt.com.pl,2
pagenetips.com,2
mrportland.com,2
iwon.com,2
tristargas.com,2
u.washington.edu,2
amazon.com,2
synagro.com,2
bp.com,2
ourclub.com,2
quantum-intl.com,2
stateside.com,2
tmh.tmc.edu,2
ghc.net,2
alumni.auburn.edu,2
gtlaw.com,2
att.worldnet.net,2
ae.ps.ge.com,2
winston.com,2
televisa.com.mx,2
electricities.org,2
chicago.kirkland.com,2
citi.com,2
westport.msmail.aigfpc.com,2
mckinsey.com,2
nexstarhome.com,2
sixfootstudios.com,2
bankone.com,2
stoneage.com,2
argolink.net,2
labs.tamu.edu,2
westernhubs.com,2
bc-arch.com,2
kidventurecamp.com,2
wulfe.com,2
edisonmission.com,2
epagenet.net,2
mariner-energy.com,2
exeloncorp.com,2
seiworldwide.com,2
fuse.net,2
stthom.edu,2
gsb.stanford.edu,2
yale.edu,2
umich.edu,2
adaptivebroadband.com,2
iusb.edu,2
lehman.com,2
enrononline.com,2
cgc.enbridge.com,2
aerotek.com,2
swps.com,2
luce.com,2
sablaw.com,2
cpuc.ca.gov,2
crossborderenergy.com,2
cts.com,2
arterhadden.com,2
greenmountain.com,2
bcjlaw.com,2
exult.net,2
aandellp.com,2
smud.org,2
mccarthylaw.com,2
pacbell.net,2
ziagroup.com,2
cerberus.city.palo-alto.ca.us,2
rcgroup.com,2
lacoe.edu,2
sf.whitecase.com,2
cfbf.com,2
ladwp.com,2
udscorp.com,2
mrwassoc.com,2
sempra-slns.com,2
ala.net,2
ganib.com,2
ispheres.com,2
angus-group.com,2
gensler.com,2
hushmail.com,2
bcgas.com,2
ets.org,2
pulsar.com.mx,2
ekno.com,2
ripcity.com,2
wcom.com,2
shell.ca,2
kraft.com,2
srpnet.com,2
cchinckley.com,2
roseville.ca.us,2
mailexcel.com,2
transcarriers.com,2
dewittec.net,2
bidjetcharter.com,2
honeywell.com,1
sanmarcos.net,1
surffree.com,1
tgn.net,1
acnpower.com,1
centurytel.net,1
stic.net,1
situscos.com,1
mail.bankone.com,1
geoswan.com,1
living.com,1
1411west.com,1
nacore.com,1
verso.com,1
optonline.net,1
campbell.com,1
eia.doe.gov,1
cutey.com,1
bassins.com,1
comic.com,1
asia.com,1
publicist.com,1
witty.com,1
bikerider.com,1
intcx.com,1
zdnetmail.com,1
cortlandtwines.com,1
edfman.com,1
popswine.com,1
oceanenergy.com,1
er.oge.com,1
elitebrokers.net,1
cliffhanger.com,1
israd.2ndmail.com,1
copergas.com.br,1
mail.pipingtech.com,1
grantthornton.ca,1
wsx.wsex.com,1
mihc.com.mx,1
mediaone.com,1
equiva.com,1
rrc.state.tx.us,1
mail2.southwest.com,1
plnrs.com,1
piroposdesign.com,1
marinemax.com,1
wellesley.edu,1
columbia.edu,1
axiaenergy.com,1
amerexyenergy.com,1
mns.com,1
amerex.com,1
tfsbrokers.com,1
hjcyachts.com,1
hjyachts.com,1
asherconsulting.com,1
merlinproduction.com,1
compassbnk.com,1
mcwilliamsforge.com,1
concureworkplace.com,1
rmef.org,1
solarturbines.com,1
keyspanenergy.com,1
eden.com,1
petroleumargus.com,1
chicksaw.com,1
qni.com,1
ckt.net,1
pentagon.af.mil,1
donohue.ca,1
thehiringspot.com,1
bellhelicopter.textron.com,1
nlrb.gov,1
huglushotguns.com,1
cypressasset.com,1
lexfurniture.com,1
sunnews.infi.net,1
dawray.com,1
msspc.com,1
mphlegal.com,1
simpletel.com,1
baxter.com,1
powermfg.com,1
waltonemc.com,1
global.t-bird.edu,1
hughesluce.com,1
tnsofres.com,1
treadmillbynet.com,1
cilco.com,1
nbpcd.com,1
acurasouthwest.com,1
cdnam.com,1
scotiamarkets.com,1
spectrongroup.com,1
natgas.com,1
cook-inlet.com,1
suntrust.com,1
ectisp.net,1
faretracker.expedia.customer-email.com,1
usgt.com,1
halff.com,1
mpisd.net,1
nextel.com,1
midamerican.com,1
lynchchappell.com,1
acres.com,1
tpc-corp.com,1
kenyon.edu,1
bspmlaw.com,1
hou-law.com,1
cftc.gov,1
iroquois.com,1
cngt.cng.com,1
nisource.com,1
aglresources.com,1
audio-n-more.com,1
nylf.org,1
bakernet.com,1
charter.net,1
psiusa.com,1
pop.net,1
bestwestern-onthebeach.com,1
bindview.com,1
hillcast.com,1
energyintel.com,1
rbfalcon.com,1
hmtf.com,1
bitstreet.com,1
kellogg.nwu.edu,1
bus.orst.edu,1
uty.com,1
hoffmancorp.com,1
phs.com,1
weyerhaeuser.com,1
gosfgiants.com,1
mail.md,1
serv.net,1
richardsonandoleary.com,1
lawseminars.com,1
subutil.com,1
perkins.com,1
technology4attorneys.com,1
igate.cbinet.com,1
starpower.net,1
hq3.em5.tami,1
osbar.org,1
scientech.com,1
govadv.com,1
pcez.com,1
howry.com,1
citizenspower.com,1
cammckenna.com,1
steptoe.com,1
wutc.wa.gov,1
rniinc.com,1
chelanpud.org,1
givenspursley.com,1
avistaenergy.com,1
prestongates.com,1
energyadvocates.com,1
hardyenergy.com,1
cfmdc.com,1
pwrteam.com,1
kannerandassoc.com,1
mentorg.com,1
bdbc.com,1
wiredweb.com,1
co.washington.or.us,1
bchydro.com,1
europa.com,1
powerex.com,1
www.conet.com.mx,1
iep.illinova.com,1
wpuda.org,1
wapa.com,1
gorton.senate.gov,1
acy.sunint.com,1
mgninc.com,1
pngc.com,1
rlo-law.com,1
deps.ppl.com,1
verner.com,1
burns.senate.gov,1
nwpp.org,1
mcimail.com,1
zzz.com,1
worldaccessnet.com,1
ncn.com,1
harsco.com,1
uole.com,1
netzro.net,1
trw.com,1
fastband.com,1
jun.com,1
llgm.net,1
prusec.com,1
liberty-revival.org,1
eogresources.com,1
shell-gt.com,1
ngsa.org,1
ingaa.org,1
skippingstone.com,1
fea.com,1
houstoncellular.com,1
murphyoilcorp.com,1
garp.com,1
abbyy.ru,1
hongkong.com,1
teraware.ne.jp,1
riskcare.com,1
hydrant.ruf.rice.edu,1
austingrp.com,1
elora.math.uwaterloo.ca,1
tulane.edu,1
infosel.com,1
swbell.com,1
euler.berkeley.edu,1
bestweb.net,1
engr.wisc.edu,1
ft.com,1
dynamic-events.com,1
energyusa.com,1
engin.umich.edu,1
algorithmics.com,1
qdweb.net,1
estutenws11.energy.williams.com,1
effem.com,1
ol.com,1
dauphine.fr,1
powerbrokersllc.com,1
poczta.wshifm.edu.pl,1
financetrainer.com,1
bnpparibas.com,1
sdg.com,1
qp.qld.gov.au,1
nature.berkeley.edu,1
math.utexas.edu,1
navigantconsulting.com,1
paribas.com,1
ideaus.com,1
perfectmeeting.com,1
sternstewart.com,1
fireant.ma.utexas.edu,1
kmv.com,1
bayou.uh.edu,1
hicom.net,1
sugar-land.oilfield.slb.com,1
roce-inc.com,1
bjservices.com,1
iirny.com,1
kpmg.com,1
ucy.ac.cy,1
haglerbailly.com,1
nppd.com,1
destia.com,1
enron.colm,1
kalotay.com,1
altosmgmt.com,1
it.com.pl,1
math.uchicago.edu,1
ruf.rice.edu,1
intertrust.com,1
compusmart.ab.ca,1
entropia.com.pl,1
nstaronline.com,1
acpub.duke.edu,1
quantinleap.com,1
vistacomp.com,1
poseidon1.com,1
o2wireless.com,1
blairpc.com,1
babybedding.com,1
ci.austin.tx.us,1
synergyog.com,1
apbenerg.com,1
sedona.net,1
knowledgebeginnings.com,1
fbcc.com,1
sympatico.ca,1
windsorfoods.com,1
bandm.com,1
excite.com,1
instinet.exactis.com,1
rodgers-ramsey.com,1
ghg.com,1
isb.paknet.com.pk,1
wedgegroup.com,1
owenhealth.com,1
sonat.net,1
comscore.com,1
heglandtrykkeri.no,1
yazoopsc.org,1
watervallery.net,1
lakeaustinspa.com,1
coned.com,1
casa-de-clark.com,1
lvha.com.mx,1
hickoryfarms.com,1
ss.ge.com,1
ps.ss.ge.com,1
newpower.com,1
cibolocreekranch.com,1
intergen.com,1
mail.180096hotel.com,1
wcnet.com,1
as.ge.com,1
kilpatrickstockton.com,1
spring-branch.isd.tenet.edu,1
mcguirewoods.com,1
copn.com,1
mdbe.com,1
northwestern.com,1
associatedcounsel.com,1
hal-pc.org,1
saintanne.org,1
artschroeder.com,1
chicagobridge.com,1
shadowpack.com,1
nuevoenergy.com,1
technologicp.com,1
surveysavvy.com,1
williamweston.co.uk,1
state.gov,1
kornferry.com,1
tjmhou.com,1
gvastrategis.com,1
pop.pdq.net,1
penreco.com,1
newsfactor.com,1
pzlqs.com,1
mail.smith-county.com,1
disney.com,1
bowstreet.com,1
tradefairgroup.com,1
coastalcorp.com,1
keytech.com,1
comdisco.com,1
wefa.com,1
xonex.com,1
cantor.com,1
integra-ls.com,1
dextercompany.com,1
sonypictures.com,1
kingranch.com,1
sprintparanet.com,1
brooksbrothers.com,1
bubblescarwash.com,1
enroon.com,1
nationalsteel.com,1
neoc.state.ne.us,1
intelligemcepress.com,1
uss.com,1
houston.geoquest.slb.com,1
clarksville.net,1
mindsprng.com,1
mindspirng.com,1
firstcallassociates.com,1
bt1.net,1
chron.com,1
btl.n,1
hubserve.net,1
hubserve.com,1
netflix.com,1
lgc.com,1
wanadoo.fr,1
lists.lexico.com,1
futuresource.com,1
gfigroup.com,1
tigris.com,1
peidmontyouga.com,1
peidmontyoga.com,1
ceg.com,1
mottac.com,1
page.metrocall.com,1
spacecitysports.com,1
peco-energy.com,1
nrgenergy.com,1
merlonpet.com,1
claven.gsb.columbia.edu,1
ankllp.com,1
imperialcapital.com,1
bassberry.com,1
rocketball.com,1
ncwd.net,1
junell.cc,1
tklaw.com,1
icfconsulting.com,1
mbia.com,1
msb.edu,1
db.com,1
nicorinc.com,1
konnect.net,1
russellstephens.com,1
pplweb.com,1
clearchannel.com,1
depelchin.org,1
sirius.com,1
unitedgas.com,1
utility.com,1
unistudios.com,1
eslawfirm.com,1
aeca.com,1
lgl.twc.com,1
shellus.com,1
newsdata.com,1
newenergy.com,1
ibm.net,1
cellnet.com,1
ns.net,1
bellatlantic.net,1
rmiinc.com,1
ems-ca.com,1
econone.com,1
pge-nw.com,1
adplaw.com,1
gcnet.org,1
steefel.com,1
bull.som.yale.edu,1
turn.org,1
aeraenergy.com,1
qstr.com,1
penn.com,1
hlp.com,1
cipa.org,1
klindh.com,1
itron.com,1
adamsbroadwell.com,1
value.net,1
brattle.com,1
energy.twc.com,1
gj.com,1
co.la.ca.us,1
pancanadian.ca,1
lif.org,1
orrick.com,1
cal.net,1
greenlining.org,1
cubjpa.org,1
la.whitecase.com,1
et.pge.com,1
norm.com,1
nrdc.org,1
enerdynamics.com,1
rmi.net,1
chrm.com,1
ci.vernon.ca.us,1
vdn.com,1
phaser.com,1
aglet.org,1
paceresources.com,1
adnc.com,1
setrade.com,1
ueplaza.com,1
ci.houston.tx.us,1
gt.pge.com,1
inetport.com,1
sidrichgas.com,1
mdanderson.org,1
corelabcorp.com,1
diverseworks.org,1
tmp.com,1
cogentco.com,1
home-link.com,1
unterberg.com,1
tnc.org,1
erehab.com,1
iea.org,1
sterling.com,1
epsilon.com,1
endesa.es,1
nbcham.org,1
gmarmol.com,1
holthouseinterests.org,1
prismintl.com,1
marcusevanstx.com,1
ajunto.com,1
onlinemailbox.net,1
tribune.com,1
mba1979.hbs.edu,1
centuryinter.net,1
eurasiagroup.net,1
holthouseinterests.com,1
dewolffboberg.com,1
bu.edu,1
swbanktx.com,1
parkcity.net,1
ziffenergy.com,1
availant.com,1
netbotz.com,1
ptvnews.net,1
carlsoncapital.com,1
calico.com,1
fms2000.com,1
wincrest.com,1
kkr.com,1
russellreynolds.com,1
gartner.com,1
vignette.com,1
rollintl.com,1
weta.com,1
mail.cox.smu.edu,1
amat.com,1
agfg.com,1
netactive.co.za,1
mail.tuckeralan.com,1
hoganinvestment.com,1
dainrauscher.com,1
sunflower.com,1
wmanngkr.com,1
haack.com,1
firstconf.com,1
hobbycomm.com,1
calltech.com,1
cwconferences.co.uk,1
ipe.uk.com,1
superonline.com,1
newmn-d1.blue.aol.com,1
pagenet.net,1
pagenet.com,1
geico.com,1
e-470.com,1
sas.com,1
dailytidings.com,1
betzdearborn.com,1
gladston.uoregon.edu,1
adeccona.com,1
mail.jhuwash.jhu.edu,1
jhubc.it,1
darkwing.uoregon.edu,1
uswst.com,1
tenaska.com,1
mcn.net,1
pg.com,1
yorkton.com,1
keyspancanada.com,1
summit-resources.com,1
mercadogas.com,1
southernunion.com,1
anaheim.net,1
earthllnk.net,1
dwp.ci.la.ca.us,1
ci.mesa.az.us,1
mid.org,1
akzo-nobel.com,1
pinnaclewest.com,1
paradigmbank.com,1
gopusa.com,1
houston.rr.cpm,1
hutchison.senate.gov,1
episa.ch,1
wrhambrecht.com,1
darden.virginia.edu,1
la.apollolp.com,1
sisystemsinc.com,1
chematch.com,1
